ID 	Type	Author/editor	Title	Subtitle	Description	VolumeDetails	EditorTranslator	Periodical	VolNo	No.ofVols	PlaceOfPublication	Publisher	Date(year)	Date(month)	Date(full)	PageRange	CrossRef	Index?
ref1	"Book:edited collection"	"H. H. Henson, ed. "  "Church problems "  ""  ""  ""  ""  ""  ""  "London"  ""  ""  ""  ""  ""  ""  
ref2	"Book:sermons"	"H. H. Henson"  "Light and leaven"  ""  ""  ""  ""  ""  ""  "London"  ""  ""  ""  ""  ""  ""  
ref4	"Book:monograph"	"H. H. Henson and Samuel Smith"  "The real aspect of disestablishment. An open letter to Samuel Smith, Esq., M.P., in reply to an address delivered Dec., 1894, entitled 'The Religious Aspect of Disestablishment', etc."  ""  ""  ""  ""  ""  ""  "London"  ""  ""  ""  ""  ""  ""  
ref3	"Book:monograph"	"James Boswell"  "The life of Samuel Johnson, LL.D."  ""  "2 vols"  ""  ""  ""  "2 vols"  "London"  ""  ""  ""  ""  ""  ""  
ref5	"Book:monograph"	"H. H. Henson"  "Apostolic christianity"  ""  ""  ""  ""  ""  ""  "London"  ""  ""  ""  ""  ""  ""  
ref6	"Book:monograph"	"H. H. Henson"  "Ad rem"  ""  ""  ""  ""  ""  ""  "London"  ""  ""  ""  ""  ""  ""  
ref7	"Book:sermons"	"H. H. Henson"  "Discipline and law"  ""  ""  ""  ""  ""  ""  "London"  ""  ""  ""  ""  ""  ""  
ref9	"Periodical:journal:article"	"H. H. Henson"  "Our unhappy divisions"  "Our unhappy divisions: a plea for the recognition of non-episcopal churches', was republished in <i>Cross-bench views of current church questions</i> (London, 1902), 341-355"  ""  ""  "Contemporary Review"  "80"  ""  ""  ""  ""  ""  ""  "794-805"  "ref.206"  
ref8	"Book:sermons"	"H. H. Henson"  "Godly union and concord"  ""  ""  ""  ""  ""  ""  "London"  ""  ""  ""  ""  ""  ""  
ref10	"Book:sermons"	"H. H. Henson"  "National education"  ""  ""  ""  ""  ""  ""  "London"  ""  ""  ""  ""  ""  ""  
ref11	"Book:monograph"	"H. H. Henson"  "Cui bono? "  ""  ""  ""  ""  ""  ""  "London"  ""  ""  ""  ""  ""  ""  
ref12	"Book:monograph"	"H. H. Henson"  "Cross-bench views of current church questions"  ""  ""  ""  ""  ""  ""  "London"  ""  ""  ""  ""  ""  ""  
ref13	"Book:sermons"	"H. H. Henson"  "Preaching to the times"  ""  ""  ""  ""  ""  ""  "London"  ""  ""  ""  ""  ""  ""  
ref15	"Periodical:journal:article"	"H. H. Henson, ed. "  "The resurrection of Jesus Christ "  ""  ""  ""  "The Hibbert Journal: A Quarterly Review of Religion, Theology, and Philosophy"  "2"  ""  ""  ""  ""  ""  ""  "476-93"  ""  
ref16	"Other:Letter:letter"	"H. H. Henson"  "Toleration Or treason?"  ""  ""  ""  "Times"  ""  ""  ""  ""  ""  ""  ""  "2"  ""  
ref17	"Periodical:journal:article"	"H. H. Henson"  "The judgement of Christ"  ""  ""  ""  "Christian World Pulpit"  "LX"  ""  ""  ""  ""  ""  ""  "369-72"  ""  
ref18	"Book:monograph"	"H. H. Henson"  "Sincerity and subscription"  ""  ""  ""  ""  ""  ""  "London"  ""  ""  ""  ""  ""  ""  
ref19	"Book:monograph"	"Mark Pattison"  "Isaac Casaubon, 1559-1614"  ""  ""  ""  ""  ""  ""  "London"  ""  ""  ""  ""  ""  ""  
ref20	"Other:Book chapter"	"H. H. Henson"  "Jeremy Taylor"  "in William Edward Collins, ed., <i>Typical English churchmen from Parker to Maurice: a series of lectures</i>"  "<i>Typical English churchmen from Parker to Maurice: a series of lectures</i>"  ""  ""  ""  ""  "London"  ""  ""  ""  ""  ""  ""  
ref21	"Book:monograph"	"Joseph Hall and Josiah Pratt"  "The works of the right reverend father in God, Joseph Hall, now first collected. With some account of his life and sufferings, written by himself"  ""  "10 vols"  ""  ""  ""  "10 vols"  "London"  ""  ""  ""  ""  ""  ""  
ref22	"Book:monograph"	"H. H. Henson"  "The education act and after"  ""  ""  ""  ""  ""  ""  "London"  ""  ""  ""  ""  ""  ""  
ref23	"Other:Book chapter"	"H. H. Henson"  "The anglican version of christianity"  ""  "<i>The Church of England: its nature and its future</i>"  ""  ""  ""  ""  "London"  ""  ""  ""  ""  "52-112"  ""  
ref24	"Other:Book chapter"	"H. H. Henson"  "The early English constitution"  ""  "<i>Essays introductory to the study of English constitutional history</i>"  ""  ""  ""  ""  "London"  ""  ""  ""  ""  "1-44"  ""  
ref25	"Other"	""  ""  ""  ""  ""  ""  ""  ""  ""  ""  ""  ""  ""  ""  ""  
ref26	"Book:sermons"	"H. H. Henson"  "Dissent in England"  ""  ""  ""  ""  ""  ""  "London"  ""  ""  ""  ""  ""  ""  
ref27	"Book:sermons"	"H. H. Henson"  "Moral discipline in the christian church, being lectures delivered during Lent 1904 in Westminster Abbey"  ""  ""  ""  ""  ""  ""  "London"  ""  ""  ""  ""  ""  ""  
ref29	"Other:journal:article"	""  ""  ""  ""  ""  ""  ""  ""  ""  ""  ""  ""  ""  ""  ""  
ref28	"Periodical:news:article"	""  "Ecclesiastical intelligence"  ""  ""  ""  "Times"  ""  ""  ""  ""  ""  ""  ""  "9"  ""  
ref30	"Periodical:news:article"	""  "Ecclesiastical intelligence"  ""  ""  ""  "Times"  ""  ""  ""  ""  ""  ""  ""  "11"  ""  
ref31	"Other:news:article"	""  ""  ""  ""  ""  ""  ""  ""  ""  ""  ""  ""  ""  ""  ""  
ref32	"Periodical:news:article"	""  "Bishop and canon: Mr. Henson's view of the resurrection repudiated"  ""  ""  ""  "St. James's Gazette"  ""  ""  ""  ""  ""  ""  ""  ""  ""  
ref33	"Periodical:journal:article"	"H. H. Henson"  "The future of the bible"  ""  ""  ""  "Contemporary Review"  "85"  ""  ""  ""  ""  ""  ""  "565-76"  ""  
ref34	"Periodical:journal:article"	"H. H. Henson"  "Reason and rationalism from the side of religion"  ""  ""  ""  "Good Words"  ""  ""  ""  ""  ""  ""  ""  ""  ""  
ref35	"Other:journal:article"	""  ""  ""  ""  ""  ""  ""  ""  ""  ""  ""  ""  ""  ""  ""  
ref36	"Other:journal:article"	""  ""  ""  ""  ""  ""  ""  ""  ""  ""  ""  ""  ""  ""  ""  
ref37	"Book:monograph"	"Edward Caird"  "The evolution of religion"  ""  "2 vols"  ""  ""  ""  "2 vols"  "Glasgow"  ""  ""  ""  ""  ""  ""  
ref38	"Other"	""  ""  ""  ""  ""  ""  ""  ""  ""  ""  ""  ""  ""  ""  ""  
ref39	"Other"	""  ""  ""  ""  ""  ""  ""  ""  ""  ""  ""  ""  ""  ""  ""  
ref40	"Periodical:news:article"	"[Ernest Pearce]"  "Canon Henson's answer"  ""  ""  ""  "Times Literary Supplement"  ""  ""  ""  ""  ""  ""  ""  "212"  ""  
ref41	"Other"	""  ""  ""  ""  ""  ""  ""  ""  ""  ""  ""  ""  ""  ""  ""  
ref42	"Periodical:journal:article"	""  "Religion in Cambridge"  ""  ""  ""  "Church Quarterly Review"  "lX.117"  ""  ""  ""  ""  ""  ""  "1-28"  ""  
ref43	"Periodical:journal:article"	"Oliver Lodge"  "Sin"  ""  ""  ""  "The Hibbert Journal: A Quarterly Review of Religion, Theology, and Philosophy"  "3.1"  ""  ""  ""  ""  ""  ""  "1-25"  ""  
ref44	"Book:sermons "	"Hastings Rashdall"  "Doctrine and development"  ""  ""  ""  ""  ""  ""  "London"  ""  ""  ""  ""  ""  ""  
ref45	"Other"	""  ""  ""  ""  ""  ""  ""  ""  ""  ""  ""  ""  ""  ""  ""  
ref46	"Book:sermons"	"H. H. Henson"  "The value of the bible, and other sermons, 1902-1904, with a letter to the lord bishop of London"  ""  ""  ""  ""  ""  ""  "London"  ""  ""  ""  ""  ""  ""  
ref47	"Book:sermons"	"J. R. Illingworth"  "Christian character, being some lectures on the elements of christian ethics"  ""  ""  ""  ""  ""  ""  "London"  ""  ""  ""  ""  ""  ""  
ref48	"Book:edited collection"	"Alfred Caldecott and H. R. Mackintosh, eds."  "The literature of theism"  ""  ""  ""  ""  ""  ""  "Edinburgh"  ""  ""  ""  ""  ""  ""  
ref50	"Periodical:news:article"	"H. H. Henson "  "The meaning of Christmas"  ""  ""  ""  "London Evening Standard"  ""  ""  ""  ""  ""  ""  ""  "5"  ""  
ref51	"Book:monograph"	"W. H. Frere"  "A history of the English church"  ""  ""  ""  ""  ""  ""  "London"  ""  ""  ""  ""  ""  ""  
ref52	"Book:monograph"	"Arthur Cushman McGiffert"  "The Apostles' Creed"  ""  ""  ""  ""  ""  ""  "New York"  ""  ""  ""  ""  ""  ""  
ref53	"Book:monograph"	"H. H. Henson "  "Notes on popular rationalism"  ""  ""  ""  ""  ""  ""  "London"  ""  ""  ""  ""  ""  ""  
ref54	"Book:monograph"	"John Hacket"  "Scrinia reserata a memorial offer'd to the great deservings of John Williams, D. D., who some time held the places of Ld Keeper of the Great Seal of England, Ld Bishop of Lincoln, and Ld Archbishop of York"  ""  ""  ""  ""  ""  ""  "London"  ""  ""  ""  ""  ""  ""  
ref55	"Other:Letter:letter"	"H. H. Henson"  "Disestablishment and religious education"  ""  ""  ""  "Times"  ""  ""  ""  ""  ""  ""  ""  "10"  ""  
ref56	"Book:monograph"	"Alfred Ainger"  "The gospel and human life"  ""  ""  ""  ""  ""  ""  "London"  ""  ""  ""  ""  ""  ""  
ref57	"Other:monograph"	""  ""  ""  ""  ""  ""  ""  ""  ""  ""  ""  ""  ""  ""  ""  
ref58	"Book:monograph"	"Edwyn Bevan"  "Jerusalem under the high-priests"  ""  ""  ""  ""  ""  ""  "London"  ""  ""  ""  ""  ""  ""  
ref59	"Book:monograph"	"Herbert Edward Ryle"  "On holy scripture and criticism"  ""  ""  ""  ""  ""  ""  "London"  ""  ""  ""  ""  ""  ""  
ref60	"Other"	""  ""  "Pliny the Younger, <i>Letter to Trajan and response</i> 10.96-97 (c. 112 CE). "  "Pliny the Younger, <i>Letter to Trajan and response</i> 10.96-97 (c. 112 CE). "  ""  ""  ""  ""  ""  ""  ""  ""  ""  ""  ""  
ref61	"Other:Poem"	"Frederick Faber"  "The old labourer'"  ""  "<i>Hymns selected from Faber</i> "  ""  ""  ""  ""  "London"  ""  ""  ""  ""  "161-6"  "pers.660"  
ref62	"Book:monograph"	"Adolf Harnack"  "The expansion of christianity in the first three centuries"  ""  ""  "James Moffat, trans."  ""  ""  "2 vols"  "London"  ""  ""  ""  ""  ""  ""  
ref63	"Book:edited collection"	"William Hunt and W. R. W. Stephens, eds."  "A history of the English church"  ""  ""  ""  ""  ""  "8 vols"  "London"  ""  ""  ""  ""  ""  ""  
ref64	"Other:Poem"	"Alfred Tennyson"  "Fatima'"  ""  "<i>Poems</i>"  ""  ""  ""  ""  "London"  ""  ""  ""  ""  "31-2"  ""  
ref65	"Book:monograph"	"George Webbe Dasent"  "Annals of an eventful life"  ""  ""  ""  ""  ""  "3 vols"  "London"  ""  ""  ""  ""  ""  ""  
ref66	"Book:monograph"	"George Webbe Dasent"  "Three to one, or, some passages out of the life of Amicia Lady Sweetapple"  ""  ""  ""  ""  ""  "3 vols"  "London"  ""  ""  ""  ""  ""  ""  
ref68	"Book:monograph"	"Charles Gore"  "Spiritual efficiency"  ""  ""  ""  ""  ""  ""  "London"  ""  ""  ""  ""  ""  ""  
ref67	"Book:monograph"	"George Webbe Dasent"  "Half a life"  ""  ""  ""  ""  ""  "3 vols"  "London"  ""  ""  ""  ""  ""  ""  
ref69	"Book:sermons"	"Arthur F. Winnington Ingram"  "The faith of church and nation"  ""  ""  ""  ""  ""  ""  "London"  ""  ""  ""  ""  ""  ""  
ref70	"Other:Poem"	"Juvenal"  "Satire 15'"  ""  "<i>Juvenal and Persius<i>"  ""  ""  ""  ""  "Cambridge"  ""  ""  ""  ""  "487-501"  ""  
ref71	"Other:Letter :letter "	"H. H. Henson "  "The clergyman in politics "  ""  ""  ""  "Westminster Gazette "  ""  ""  ""  ""  ""  ""  ""  "2"  ""  
ref73	"Other:Letter:letter"	"H. H. Henson"  "St. Margaret's, Westminster, and the House of Commons"  ""  ""  ""  "Times"  ""  ""  ""  ""  ""  ""  ""  "6"  ""  
ref72	"Periodical:journal:article"	"H. H. Henson "  "The prospects of Christian reunion"  ""  ""  ""  "Christian World"  ""  ""  ""  ""  ""  ""  ""  ""  ""  
ref74	"Book:monograph"	"C. R. L. Fletcher"  "An introductory history of England "  ""  ""  ""  ""  ""  "5 vols"  "London"  ""  ""  ""  ""  ""  ""  
ref75	"Other:Letter:letter"	"H. H. Henson"  "Religious education"  ""  ""  ""  "Times"  ""  ""  ""  ""  ""  ""  ""  "4"  ""  
ref76	"Book:monograph"	"H. H. Henson "  "Studies in English religion in the seventeenth century. St. Margaret's lectures, 1903. "  ""  ""  ""  ""  ""  ""  "London"  ""  ""  ""  ""  ""  ""  
ref77	"Book:sermons"	"H. H. Henson "  "Religion in the schools"  ""  ""  ""  ""  ""  ""  "London"  ""  ""  ""  ""  ""  ""  
ref78	"Book:sermons"	"H. H. Henson "  "The national church"  ""  ""  ""  ""  ""  ""  "London"  ""  ""  ""  ""  ""  ""  
ref79	"Book:sermons"	"H. H. Henson "  "Christ and the nation"  ""  ""  ""  ""  ""  ""  "London"  ""  ""  ""  ""  ""  ""  
ref80	"Book:sermons"	"H. H. Henson "  "The road to unity"  ""  ""  ""  ""  ""  ""  "London"  ""  ""  ""  ""  ""  ""  
ref81	"Book:sermons"	"H. H. Henson "  "Westminster sermons"  ""  ""  ""  ""  ""  ""  "London"  ""  ""  ""  ""  ""  ""  
ref82	"Book:monograph"	"H. H. Henson "  "Puritanism in England"  ""  ""  ""  ""  ""  ""  "London"  ""  ""  ""  ""  ""  ""  
ref83	"Book:sermons"	"H. H. Henson "  "The creed in the pulpit"  ""  ""  ""  ""  ""  ""  "London"  ""  ""  ""  ""  ""  ""  
ref84	"Book:sermons"	"H. H. Henson "  "War-time sermons"  ""  ""  ""  ""  ""  ""  "London"  ""  ""  ""  ""  ""  ""  
ref85	"Book:monograph"	"H. H. Henson "  "Robertson of Brighton, 1816-1853"  ""  ""  ""  ""  ""  ""  "London"  ""  ""  ""  ""  ""  ""  
ref86	"Book:sermons"	"H. H. Henson "  "The liberty of prophesying, with its just limits and temper considered with reference to the circumstances of the modern church. Lyman Beecher lectures delivered 1909, before the Yale Divinity School, and three sermons"  ""  ""  ""  ""  ""  ""  "London"  ""  ""  ""  ""  ""  ""  
ref87	"Book:monograph"	"H. H. Henson "  "Notes of my ministry"  ""  ""  ""  ""  ""  ""  "London"  ""  ""  ""  ""  ""  ""  
ref88	"Book:monograph"	""  "The autobiography of Mark Rutherford"  ""  ""  ""  ""  ""  ""  "London"  ""  ""  ""  ""  ""  ""  
ref89	"Other"	""  ""  ""  ""  ""  ""  ""  ""  ""  ""  ""  ""  ""  ""  ""  
ref90	"Periodical:journal:article"	"H. H. Henson"  "Religious education"  ""  ""  ""  "St. Margaret's Westminster Parish Magazine"  ""  ""  ""  ""  ""  ""  ""  ""  ""  
ref91	"Periodical:journal:article"	"F. C. Burkitt"  "Who spoke the Magnificat?"  ""  ""  ""  "Journal of Theological Studies"  "7.26"  ""  ""  ""  ""  ""  ""  "220-7"  ""  
ref92	"Other:Poem"	"George Herbert"  "Good Friday'"  ""  "<i>The temple: sacred poems and private ejaculations</i>"  ""  ""  ""  ""  "Cambridge"  ""  ""  ""  ""  ""  ""  
ref93	"Other:Letter:letter"	"H. H. Henson"  "The education bill"  ""  ""  ""  "Times"  ""  ""  ""  ""  ""  ""  ""  "10"  ""  
ref94	"Other"	""  ""  ""  ""  ""  ""  ""  ""  ""  ""  ""  ""  ""  ""  ""  
ref95	"Other"	""  ""  ""  ""  ""  ""  ""  ""  ""  ""  ""  ""  ""  ""  ""  
ref96	"Book:monograph"	"Herbert Paul"  "The life of Froude"  ""  ""  ""  ""  ""  ""  "London"  ""  ""  ""  ""  ""  ""  
ref97	"Book:monograph"	"A. W. Ward, G. W. Prothero and Stanley Leathes, eds."  "The Cambridge modern history, vol. III"  ""  ""  ""  ""  ""  ""  "London"  ""  ""  ""  ""  ""  ""  
ref98	"Book:edited collection"	"George Herbert Palmer, ed."  "The English works of George Herbert "  ""  ""  ""  ""  ""  "3 vols"  "Boston and New York"  ""  ""  ""  ""  ""  ""  
ref99	"Book:monograph"	"David. W. Forrest"  "The authority of Christ"  ""  ""  ""  ""  ""  ""  "Edinburgh"  ""  ""  ""  ""  ""  ""  
ref100	"Book:monograph"	"A. M. F. Darmesteter"  "The Life of Ernest Renan"  ""  ""  ""  ""  ""  ""  "London"  ""  ""  ""  ""  ""  ""  
ref14	"Periodical:news:article"	""  "The religious world"  ""  ""  ""  "Daily News"  ""  ""  ""  ""  ""  ""  ""  "5"  ""  
ref101	"Other"	""  ""  ""  ""  ""  ""  ""  ""  ""  ""  ""  ""  ""  ""  ""  
ref102	"Book:monograph"	""  "An Evangelical Free Church catechism for use in home and school"  ""  ""  ""  ""  ""  ""  "London"  ""  ""  ""  ""  ""  ""  
ref103	"Other"	""  ""  ""  ""  ""  ""  ""  ""  ""  ""  ""  ""  ""  ""  ""  
ref104	"Other"	""  ""  ""  ""  ""  ""  ""  ""  ""  ""  ""  ""  ""  ""  ""  
ref105	"Periodical:journal:article"	"H. H. Henson"  "Report of the royal commission on ecclesiastical discipline"  ""  ""  ""  "Contemporary Review"  "90"  ""  ""  ""  ""  ""  ""  "241-57"  ""  
ref106	"Book:edited collection"	"Brooke Foss Westcott"  "Common prayers for family use"  ""  ""  ""  ""  ""  ""  "London"  ""  ""  ""  ""  ""  ""  
ref108	"Other:Letter:letter"	"H. H. Henson"  "The church and the law"  ""  ""  ""  "Westminster Gazette"  ""  ""  ""  ""  ""  ""  ""  "1"  ""  
ref107	"Other:Letter:letter"	"H. H. Henson"  "The shadow of the curse"  ""  ""  ""  "Daily Telegraph"  ""  ""  ""  ""  ""  ""  ""  "6"  ""  
ref109	"Periodical:news:article"	""  "Canon Hensley Henson: a liberal churchman on Mr. Campbell's views"  ""  ""  ""  "Daily Chronicle"  ""  ""  ""  ""  ""  ""  ""  "6"  ""  
ref110	"Periodical:news:article"	""  "The bishop of Birmingham and Canon Henson: court of arches prosecution dropped"  ""  ""  ""  "Times"  ""  ""  ""  ""  ""  ""  ""  "9"  ""  
ref111	"Periodical:news:article"	""  "Notes of the day"  ""  ""  ""  "Westminster Gazette"  ""  ""  ""  ""  ""  ""  ""  "2"  ""  
ref113	"Periodical:journal:article"	"H. H. Henson"  "Report of the royal commission on ecclesiastical discipline, II"  ""  ""  ""  "Contemporary Review"  "90"  ""  ""  ""  ""  ""  ""  "408-25"  ""  
ref112	"Other:Letter:letter"	"H. H. Henson"  "The Representative Church Council"  ""  ""  ""  "Westminster Gazette"  ""  ""  ""  ""  ""  ""  ""  "3"  ""  
ref116	"Book:monograph"	"Lord Rosebery"  "Napoleon"  ""  ""  ""  ""  ""  ""  "London"  ""  ""  ""  ""  ""  ""  
ref114	"Periodical:news:article"	""  "Memorial services: Westminster Abbey"  ""  ""  ""  "Times"  ""  ""  ""  ""  ""  ""  ""  "5"  ""  
ref115	"Periodical:news:article"	""  "Canon Henson's appeal"  ""  ""  ""  "Daily Mail"  ""  ""  ""  ""  ""  ""  ""  "4"  ""  
ref117	"Periodical:journal:article"	"H. H. Henson"  "The Bible"  ""  ""  ""  "Christian World Pulpit"  "CCCLX"  ""  ""  ""  ""  ""  ""  "385-88"  ""  
ref118	"Book:monograph"	"Ellen Thorneycroft Fowler and Alfred Laurence Felkin"  "Kate of Kate Hall"  ""  ""  ""  ""  ""  ""  "London"  ""  ""  ""  ""  ""  ""  
ref119	"Periodical:journal:article"	"H. H. Henson"  "Memorial sermon for Queen Victoria, preached in Westminster Abbey last Sunday afternoon"  ""  ""  ""  "Christian World Pulpit"  "CCCLX"  ""  ""  ""  ""  ""  ""  "73-5"  ""  
ref120	"Periodical:journal:article"	"H. H. Henson"  "Christ's new commandment"  ""  ""  ""  "Christian World Pulpit"  "CCCLX"  ""  ""  ""  ""  ""  ""  "305-7"  "ref.8"  
ref122	"Periodical:journal:article"	"H. H. Henson"  "Christ's mission for the church"  ""  ""  ""  "Christian World Pulpit"  "CCCLX"  ""  ""  ""  ""  ""  ""  "328-30"  "ref.8"  
ref121	"Periodical:journal:article"	"H. H. Henson"  "Christ's new commandment and the sects"  ""  ""  ""  "Church Family Newspaper"  ""  ""  ""  ""  ""  ""  ""  "677"  ""  
ref123	"Periodical:journal:article"	"H. H. Henson"  "Proselytising"  ""  ""  ""  "Christian World Pulpit"  "CCCLX"  ""  ""  ""  ""  ""  ""  "337-39"  ""  
ref124	"Book:monograph"	"Walter Scott"  "Scott's Marmion: a tale of Flodden field, in six cantos"  ""  ""  "Michael Macmillan, ed."  ""  ""  ""  "London"  ""  ""  ""  ""  ""  ""  
ref125	"Book:monograph"	"Francis Marion Crawford"  "Via crucis"  ""  ""  ""  ""  ""  ""  "London"  ""  ""  ""  ""  ""  ""  
ref126	"Book:monograph"	"Alfred William Benn"  "The history of English rationalism in the nineteenth century"  ""  ""  ""  ""  ""  ""  "London"  ""  ""  ""  ""  ""  ""  
ref127	"Book:monograph"	"Henry Barclay Swete"  "The apocalypse of St John"  ""  ""  ""  ""  ""  ""  "London"  ""  ""  ""  ""  ""  ""  
ref128	"Book:monograph"	"Brooke Foss Westcott"  "Saint Paul's epistle to the Ephesians"  ""  ""  ""  ""  ""  ""  "London"  ""  ""  ""  ""  ""  ""  
ref129	"Book:monograph"	"John Emerich Edward, 1st baron Acton"  "Lectures on modern history"  ""  ""  ""  ""  ""  ""  "London"  ""  ""  ""  ""  ""  ""  
ref130	"Book:monograph"	"John Knox"  "The history of the reformation of religion in Scotland, with which are included Knox's confession and the book of discipline <span class="no-italic">[1559-66]</span>"  ""  ""  "Cuthbert Lennox, ed."  ""  ""  ""  "London"  ""  ""  ""  ""  ""  ""  
ref131	"Book:monograph"	"John Evans"  "A sketch of the denominations of the Christian world, with a persuasive to religious moderation"  ""  ""  ""  ""  ""  ""  "London"  ""  ""  ""  ""  ""  ""  
ref134	"Book:monograph"	"Edmund Calamy"  "The nonconformist's memorial"  ""  ""  "Samuel Palmer, abrid."  ""  ""  "3 vols"  "London"  ""  ""  ""  ""  ""  ""  
ref132	"Book:monograph"	"Benvenuto Cellini"  "The life of Benvenuto Cellini <span class="no-italic">[1562]</span>"  ""  ""  "John Addington Symonds, trans."  ""  ""  "2 vols"  "London"  ""  ""  ""  ""  ""  ""  
ref133	"Book:monograph"	"Richard Baxter"  "The saints' everlasting rest"  ""  ""  "Benjamin Fawcett, abrid."  ""  ""  ""  "New York"  ""  ""  ""  ""  ""  ""  
ref135	"Book:monograph"	"J. G. Frazer"  "Adonis, Attis, Osiris"  ""  ""  ""  ""  ""  ""  "London"  ""  ""  ""  ""  ""  ""  
ref136	"Book:monograph"	"John Emerich Edward, 1st baron Acton"  "Lord Acton and his circle"  ""  ""  "Francis Aidan Gasquet, ed."  ""  ""  ""  "London"  ""  ""  ""  ""  ""  ""  
ref137	"Book:monograph"	"William Fairley"  "Epitaphiana, or, the curiosities of churchyard literature"  ""  ""  ""  ""  ""  ""  "London"  ""  ""  ""  ""  ""  ""  
ref138	"Book:monograph"	"Lord Rosebery"  "Lord Randolph Churchill"  ""  ""  ""  ""  ""  ""  "London"  ""  ""  ""  ""  ""  ""  
ref139	"Book:monograph"	"John Earle and Philip Bliss"  "Microcosmography, or, A piece of the world discovered"  ""  ""  "L. L. Williams, ed."  ""  ""  ""  "Cambridge"  ""  ""  ""  ""  ""  ""  
ref141	"Book:monograph"	"William Law Mathieson"  "Scotland and the union"  ""  ""  ""  ""  ""  ""  "Glasgow"  ""  ""  ""  ""  ""  ""  
ref140	"Book:monograph"	"George Douglas, 8th Duke of Argyll"  "Autobiography & memoirs"  ""  ""  ""  ""  ""  "2 vols"  "London"  ""  ""  ""  ""  ""  ""  
ref143	"Book:monograph"	"John Spottiswoode"  "The history of the Church of Scotland"  ""  ""  ""  ""  ""  "3 vols"  "Edinburgh"  ""  ""  ""  ""  ""  ""  
ref142	"Book:monograph"	"W. E. Addis"  "Hebrew religion to the establishment of Judaism under Ezra"  ""  ""  ""  ""  ""  ""  "London"  ""  ""  ""  ""  ""  ""  
ref144	"Book:monograph"	"Edward Cardwell"  "Synodalia"  ""  ""  ""  ""  ""  ""  "Oxford"  ""  ""  ""  ""  ""  ""  
ref145	"Book:monograph"	"William Barlow"  "The summe and substance of the conference, which it pleased his excellent majestie to have with the lords bishops, and others of his clergie (at which the most of the lords of the councill were present) in his majesties privie-chamber, at Hampton Court, Jan. 14. 1603"  ""  ""  ""  ""  ""  ""  "London"  ""  ""  ""  ""  ""  ""  
ref147	"Book:monograph"	"Jeremy Collier"  "An ecclesiastical history of Great Britain, chiefly of England"  ""  ""  ""  ""  ""  "9 vols"  "London"  ""  ""  ""  ""  ""  ""  
ref146	"Book:monograph"	"Thomas Jacombe"  "Hooinh egzainiomnh, or, a treatise of holy dedication both personal and domestick the latter of which is (in special) recommended to the citizens of London, upon their entring into their new habitations"  ""  ""  ""  ""  ""  ""  "London"  ""  ""  ""  ""  ""  ""  
ref148	"Book:monograph"	"Charles Kirkpatrick Sharpe"  "A historical account of the belief in witchcraft in Scotland"  ""  ""  ""  ""  ""  ""  "London"  ""  ""  ""  ""  ""  ""  
ref149	"Other"	""  ""  ""  ""  ""  ""  ""  ""  ""  ""  ""  ""  ""  ""  ""  
ref151	"Book:monograph"	"William Law Mathieson"  "Politics and religion"  ""  ""  ""  ""  ""  "2 vols"  "Glasgow"  ""  ""  ""  ""  ""  ""  
ref150	"Book:monograph"	"Thomas Browne"  "Religio medici"  ""  ""  ""  ""  ""  ""  "London"  ""  ""  ""  ""  ""  ""  
ref152	"Book:monograph"	"Benjamin Jowett"  "The interpretation of scripture and other essays"  ""  ""  ""  ""  ""  ""  "London"  ""  ""  ""  ""  ""  ""  
ref153	"Book:monograph"	"Samuel Hall"  "A short history of the Oxford movement"  ""  ""  ""  ""  ""  ""  "London"  ""  ""  ""  ""  ""  ""  
ref154	"Other:Letter:letter"	"H. H. Henson"  "The meeting of convocation"  ""  ""  ""  "Times"  ""  ""  ""  ""  ""  ""  ""  "6"  ""  
ref155	"Book:monograph"	"Richard Newcourt"  "Repertorium ecclesiasticum parochiale Londinense"  ""  ""  ""  ""  ""  ""  "London"  ""  ""  ""  ""  ""  ""  
ref157	"Book:monograph"	"Otto Pfleiderer"  "Primitive christianity"  ""  ""  ""  ""  ""  "4 vols"  "London"  ""  ""  ""  ""  ""  ""  
ref156	"Book:monograph"	"William Milligan Sloane"  "The life of Napoleon Bonaparte"  ""  ""  ""  ""  ""  "4 vols"  "New York"  ""  ""  ""  ""  ""  ""  
ref158	"Book:monograph"	"Alice Gardner"  "Letters to a godchild on the catechism and confirmation"  ""  ""  ""  ""  ""  ""  "London"  ""  ""  ""  ""  ""  ""  
ref159	"Book:monograph"	"F. H. Woods"  "For faith and science"  ""  ""  ""  ""  ""  ""  "London"  ""  ""  ""  ""  ""  ""  
ref161	"Book:monograph"	"Frederic Harrison"  "The creed of a layman"  ""  ""  ""  ""  ""  ""  "London"  ""  ""  ""  ""  ""  ""  
ref160	"Book:monograph"	"F. C. Burkitt"  "The gospel history and its transmission"  ""  ""  ""  ""  ""  ""  "Edinburgh"  ""  ""  ""  ""  ""  ""  
ref162	"Other"	""  ""  ""  ""  ""  ""  ""  ""  ""  ""  ""  ""  ""  ""  ""  
ref163	"Book:monograph"	"Mrs Humphrey Ward"  "The marriage of William Ashe"  ""  ""  ""  ""  ""  ""  "London"  ""  ""  ""  ""  ""  ""  
ref165	"Other:Letter:letter"	"H. H. Henson"  "What is the law of the English church?"  ""  ""  ""  "Times"  ""  ""  ""  ""  ""  ""  ""  "9"  ""  
ref164	"Other"	""  ""  ""  ""  ""  ""  ""  ""  ""  ""  ""  ""  ""  ""  ""  
ref166	"Other:Letter:letter"	"H. H. Henson"  "What is the law of the English church?"  ""  ""  ""  "Times"  ""  ""  ""  ""  ""  ""  ""  "5"  ""  
ref167	"Other:Letter:letter"	"H. H. Henson"  "What is the law of the English church?"  ""  ""  ""  "Times"  ""  ""  ""  ""  ""  ""  ""  "7"  ""  
ref168	"Other:Letter:letter"	"H. H. Henson"  "The church and the law"  ""  ""  ""  "Westminster Gazette"  ""  ""  ""  ""  ""  ""  ""  "1"  ""  
ref169	"Other"	""  ""  ""  ""  ""  ""  ""  ""  ""  ""  ""  ""  ""  ""  ""  
ref171	"Book:monograph"	"H. H. Henson"  "Christian marriage"  ""  ""  ""  ""  ""  ""  "London"  ""  ""  ""  ""  ""  ""  
ref170	"Other"	""  ""  ""  ""  ""  ""  ""  ""  ""  ""  ""  ""  ""  ""  ""  
ref173	"Book:monograph"	"John Emerich Edward, 1st baron Acton"  "The history of freedom and other essays"  ""  ""  "John Neville Figgis and Reginald Vere Laurence, eds."  ""  ""  ""  "London"  ""  ""  ""  ""  ""  ""  
ref172	"Book:monograph"	"Wilhelm Bousset"  "What is religion?"  ""  ""  "F. B. Low, trans."  ""  ""  ""  "New York"  ""  ""  ""  ""  ""  ""  
ref174	"Book:monograph"	"R. J. Campbell"  "Christianity and the social order"  ""  ""  ""  ""  ""  ""  "London"  ""  ""  ""  ""  ""  ""  
ref175	"Book:monograph"	"Frederick Denison Maurice"  "The kingdom of Christ, or, hints to a Quaker"  ""  ""  ""  ""  ""  "2 vols"  "London"  ""  ""  ""  ""  ""  ""  
ref176	"Book:monograph"	"John Watson"  "The Scot of the eighteenth century"  ""  ""  ""  ""  ""  ""  "London"  ""  ""  ""  ""  ""  ""  
ref178	"Book:monograph"	"Bernard Lucas"  "The empire of Christ"  ""  ""  ""  ""  ""  ""  "London"  ""  ""  ""  ""  ""  ""  
ref177	"Book:monograph"	"John Manson"  "The Salvation Army and the public"  ""  ""  ""  ""  ""  ""  "London"  ""  ""  ""  ""  ""  ""  
ref179	"Book:edited collection"	"John Ellison and G. H. S. Walpole, eds."  "Church and empire"  ""  ""  ""  ""  ""  ""  "London"  ""  ""  ""  ""  ""  ""  
ref180	"Book:monograph"	"W. P. DuBose"  "The gospel in the gospels"  ""  ""  ""  ""  ""  ""  "New York"  ""  ""  ""  ""  ""  ""  
ref181	"Book:monograph"	"Edmund Calamy"  "An historical account of my own life, with some reflections on the times I have lived in (1671-1731)"  ""  ""  "John Towill Rutt, ed."  ""  ""  "2 vols"  "London"  ""  ""  ""  ""  ""  ""  
ref182	"Other"	""  ""  ""  ""  ""  ""  ""  ""  ""  ""  ""  ""  ""  ""  ""  
ref183	"Book:monograph"	"Gilbert Burnet"  "Burnet's history of my own time"  ""  ""  "Osmund Airy, ed."  ""  ""  "2 vols"  "Oxford"  ""  ""  ""  ""  ""  ""  
ref184	"Book:monograph"	""  "The programme of modernism"  ""  ""  "George Tyrrell, trans."  ""  ""  ""  "London"  ""  ""  ""  ""  ""  ""  
ref185	"Book:monograph"	"William Sanday"  "The life of Christ in recent research"  ""  ""  ""  ""  ""  ""  "Oxford"  ""  ""  ""  ""  ""  ""  
ref187	"Book:monograph"	"Jeremy Taylor"  "A discourse of the liberty of prophesying"  ""  ""  ""  ""  ""  ""  "London"  ""  ""  ""  ""  ""  ""  
ref186	"Book:monograph"	"T. E. S Clarke and H. C. Foxcroft"  "A life of Gilbert Burnet, bishop of Salisbury"  ""  ""  ""  ""  ""  "2 vols"  "Cambridge"  ""  ""  ""  ""  ""  ""  
ref189	"Book:monograph"	"Henry Barclay Swete"  "The appearances of our Lord after the passion"  ""  ""  ""  ""  ""  ""  "London"  ""  ""  ""  ""  ""  ""  
ref188	"Book:monograph"	"Henry Norbert Birt"  "The Elizabethan religious settlement"  ""  ""  ""  ""  ""  ""  "London"  ""  ""  ""  ""  ""  ""  
ref191	"Book:monograph"	"Frederick Denison Maurice"  "The epistle to the Hebrews, with a preface containing a review of Mr. Newman's theory of development"  ""  ""  ""  ""  ""  ""  "London"  ""  ""  ""  ""  ""  ""  
ref192	"Book:monograph"	"Hutton Webster"  "Primitive secret societies"  ""  ""  ""  ""  ""  ""  "New York"  ""  ""  ""  ""  ""  ""  
ref190	"Book:monograph"	"Edwin A. Abbott"  "Silanus, the Christian"  ""  ""  ""  ""  ""  ""  "London"  ""  ""  ""  ""  ""  ""  
ref193	"Other:Book chapter"	"Matthew Arnold"  "Culture and anarchy"  ""  ""  ""  ""  ""  ""  "London"  ""  ""  ""  ""  ""  ""  
ref194	"Book:monograph"	"Gilbert Burnet"  "A discourse of the pastoral care"  ""  ""  ""  ""  ""  ""  "London"  ""  ""  ""  ""  ""  ""  
ref195	"Book:monograph"	"Herbert Mortimer Luckock"  "The bishops in the tower"  ""  ""  ""  ""  ""  ""  "London"  ""  ""  ""  ""  ""  ""  
ref196	"Other"	""  ""  ""  ""  ""  ""  ""  ""  ""  ""  ""  ""  ""  ""  ""  
ref197	"Book:edited collection "	"David Wilkens, ed."  "Concilia magnae britanniae et hiberniae a synodo verolamiensi A.D. 446 ad Londinensem A.D. 1717"  ""  ""  ""  ""  ""  "4 vols"  "London"  ""  ""  ""  ""  ""  ""  
ref198	"Other"	""  ""  ""  ""  ""  ""  ""  ""  ""  ""  ""  ""  ""  ""  ""  
ref200	"Other:Letter:letter"	"H. H. Henson, et. al."  "The bishop of Birmingham and Canon Henson"  ""  ""  ""  "Times"  ""  ""  ""  ""  ""  ""  ""  "10"  ""  
ref199	"Other"	""  ""  ""  ""  ""  ""  ""  ""  ""  ""  ""  ""  ""  ""  ""  
ref202	"Other:Letter:letter"	"H. H. Henson"  "Episcopal authority and the law"  ""  ""  ""  "Times"  ""  ""  ""  ""  ""  ""  ""  "6"  ""  
ref201	"Other"	""  ""  ""  ""  ""  ""  ""  ""  ""  ""  ""  ""  ""  ""  ""  
ref203	"Other"	""  ""  ""  ""  ""  ""  ""  ""  ""  ""  ""  ""  ""  ""  ""  
ref205	"Book:monograph"	"H. H. Henson"  "The national church"  ""  ""  ""  ""  ""  ""  "London"  ""  ""  ""  ""  ""  ""  
ref204	"Other:Letter:letter"	"H. H. Henson"  "Canon Henson on current politics"  ""  ""  ""  "Times"  ""  ""  ""  ""  ""  ""  ""  "11"  ""  
ref206	"Other:Book chapter"	"H. H. Henson"  "Our unhappy divisions"  ""  "<i>Cross-bench views of current church questions</i>"  ""  ""  ""  ""  "London"  ""  ""  ""  ""  "341-55"  "ref.9"  
ref207	"Other:Poem"	"Matthew Arnold"  "The scholar gipsy'"  ""  "<i>Poems</i>"  ""  ""  ""  ""  ""  ""  ""  ""  ""  ""  ""  
ref208	"Other:Letter:letter"	"C. H. T."  "Canon Henson on episcopacy"  ""  ""  ""  "Times"  ""  ""  ""  ""  ""  ""  ""  "16"  ""  
ref210	"Book:monograph"	"Bernard of Clairvaux"  "Life and works of Saint Bernard, abbot of Clairvaux"  ""  ""  "John Mabillon and Samuel J. Eales, eds., Samuel J. Eales, trans."  ""  ""  "4 vols"  "London"  ""  ""  ""  ""  ""  ""  
ref209	"Other:Letter:letter"	"H. H. Henson"  "Canon Henson on episcopacy"  ""  ""  ""  "Times"  ""  ""  ""  ""  ""  ""  ""  "18"  ""  
ref211	"Book:monograph"	"George W. Cox"  "The life of John William Colenso, D.D., bishop of Natal"  ""  ""  ""  ""  ""  "2 vols"  "London"  ""  ""  ""  ""  ""  ""  
ref212	"Book:monograph"	"James Drummond"  "Philo Judaeus, or, the Jewish-Alexandrian philosophy in its development and completion "  ""  ""  ""  ""  ""  ""  "London"  ""  ""  ""  ""  ""  ""  
ref213	"Other"	""  ""  "Marcus Tullius Cicero, <i>Laelius de amicitia</i> (Essay on friendship), written in 44 BCE"  ""  ""  ""  ""  ""  ""  ""  ""  ""  ""  ""  ""  
ref214	"Book:monograph"	"Antonio de Guaras"  "The accession of Queen Mary"  ""  ""  "Richard Garnett, ed."  ""  ""  ""  "London"  ""  ""  ""  ""  ""  ""  
ref215	"Book:monograph"	"Jeanne Marie Bouvier de la Motte-Guyon"  "Autobiography of Madame Guyon"  ""  ""  "Thomas Taylor Allen, trans."  ""  ""  "2 vols"  "London"  ""  ""  ""  ""  ""  ""  
ref216	"Book:monograph"	"W. Grinton Berry"  "Bishop Hannington"  ""  ""  ""  ""  ""  ""  "London"  ""  ""  ""  ""  ""  ""  
ref217	"Book:monograph"	"Increase Mather"  "An essay for the recording of illustrious providences wherein an account is given of many remarkable and very memorable events which have hapned this last age, especially in New-England"  ""  ""  ""  ""  ""  ""  "Boston"  ""  ""  ""  ""  ""  ""  
ref218	"Book:monograph"	"Louis Basile Carr&eacute; de Montgeron"  "La v&eacute;rit&eacute; des miracles op&eacute;r&eacute;s Ë† l'intercession de M. de Pâ€°ris"  ""  ""  ""  ""  ""  ""  ""  ""  ""  ""  ""  ""  ""  
ref219	"Book:monograph"	"Charles F. S. Warren"  "The authorship, text, and history of the hymn Dies irae"  ""  ""  ""  ""  ""  ""  "London"  ""  ""  ""  ""  ""  ""  
ref220	"Book:monograph"	"J. Oswald Dykes"  "The christian minister and his duties"  ""  ""  ""  ""  ""  ""  "Edinburgh"  ""  ""  ""  ""  ""  ""  
ref221	"Book:monograph"	"F. J. A. Hort"  "The apocalypse of St. John I-III"  ""  ""  ""  ""  ""  ""  "London"  ""  ""  ""  ""  ""  ""  
ref222	"Book:monograph"	"J. A. Farrer"  "Literary forgeries"  ""  ""  ""  ""  ""  ""  "London"  ""  ""  ""  ""  ""  ""  
ref224	"Book:monograph"	"Reinhold Seeberg"  "The fundamental truths of the christian religion"  ""  ""  "W. D. Morrison, ed., George E. Thomson and Clara Wallentin, trans."  ""  ""  ""  "London"  ""  ""  ""  ""  ""  ""  
ref223	"Book:monograph"	"Henry Scott Holland"  "The optimism of Butler's 'Analogy'"  ""  ""  ""  ""  ""  ""  "Oxford"  ""  ""  ""  ""  ""  ""  
ref225	"Book:monograph"	"A. M. Fairbairn"  "Catholicism"  ""  ""  ""  ""  ""  ""  "New York"  ""  ""  ""  ""  ""  ""  
ref226	"Book:monograph"	"Alfred Henderson"  "Latin proverbs and quotations"  ""  ""  ""  ""  ""  ""  "London"  ""  ""  ""  ""  ""  ""  
ref229	"Book:monograph"	"Henry C. Fish"  "Pulpit eloquence of the nineteenth century"  ""  ""  ""  ""  ""  ""  "New York"  ""  ""  ""  ""  ""  ""  
ref228	"Book:monograph"	"William Boyd-Carpenter"  "Lectures on preaching delivered in the divinity school, Cambridge, in April and May, 1894"  ""  ""  ""  ""  ""  ""  "London"  ""  ""  ""  ""  ""  ""  
ref227	"Other"	""  ""  ""  ""  ""  ""  ""  ""  ""  ""  ""  ""  ""  ""  ""  
ref230	"Book:monograph"	"Randall Thomas Davidson and William Benham"  "Life of Archibald Campbell Tait, archbishop of Canterbury"  ""  ""  ""  ""  ""  "2 vols"  "London"  ""  ""  ""  ""  ""  ""  
ref231	"Book:monograph"	"Ernest Grey Sandford, ed."  "Memoirs of Archbishop Temple"  ""  ""  ""  ""  ""  "2 vols"  "London"  ""  ""  ""  ""  ""  ""  
ref234	"Book:monograph"	"Plato"  "The four Socratic dialogues of Plato"  ""  ""  "Benjamin Jowett, ed and trans."  ""  ""  ""  "Oxford"  ""  ""  ""  ""  ""  ""  
ref232	"Book:monograph"	"William Black"  "Kilmeny"  ""  ""  ""  ""  ""  "3 vols"  "London"  ""  ""  ""  ""  ""  ""  
ref233	"Book:monograph"	"John Oliver Hobbes"  "The school for saints"  ""  ""  ""  ""  ""  ""  "London"  ""  ""  ""  ""  ""  ""  
ref235	"Book:monograph"	"Edwin A. Abbott"  "Philochristus"  ""  ""  ""  ""  ""  ""  "London"  ""  ""  ""  ""  ""  ""  
ref236	"Book:monograph"	"Ian Maclaren"  "Graham of Claverhouse"  ""  ""  ""  ""  ""  ""  "London"  ""  ""  ""  ""  ""  ""  
ref237	"Book:monograph"	"Justin McCarthy"  "Dear Lady Disdain"  ""  ""  ""  ""  ""  "2 vols"  "Leipzig"  ""  ""  ""  ""  ""  ""  
ref238	"Book:monograph"	"C. N. Williamson and A. M. Williamson"  "My friend the chauffeur"  ""  ""  ""  ""  ""  ""  "London"  ""  ""  ""  ""  ""  ""  
ref239	"Book:monograph"	"C. N. Williamson and A. M. Williamson"  "The lightning conductor"  ""  ""  ""  ""  ""  ""  "London"  ""  ""  ""  ""  ""  ""  
ref240	"Book:monograph"	"F. Hugh O'Donnell"  "Paraguay on Shannon"  ""  ""  ""  ""  ""  ""  "London"  ""  ""  ""  ""  ""  ""  
ref241	"Periodical:news:article"	""  "Pan-Anglican Congress: Canon Henson's tilt for revolution, appeal from creeds, women's work, bright discussions"  ""  ""  ""  "Daily Mail"  ""  ""  ""  ""  ""  ""  ""  "7-8"  ""  
ref242	"Other:Letter"	"H. H. Henson"  "Home reunion"  ""  ""  ""  "Times"  ""  ""  ""  ""  ""  ""  ""  "10"  ""  
ref243	"Other:Letter"	"W. Sanday"  "Home reunion"  ""  ""  ""  "Times"  ""  ""  ""  ""  ""  ""  ""  "6"  ""  
ref245	"Other:Letter"	"H. H. Henson"  "The bishop of Durham and the vestments"  ""  ""  ""  "Times"  ""  ""  ""  ""  ""  ""  ""  "7"  ""  
ref244	"Periodical:news:article"	""  "Episcopacy and reunion"  ""  ""  ""  "Times"  ""  ""  ""  ""  ""  ""  ""  "7"  ""  
ref246	"Other"	""  ""  ""  ""  ""  ""  ""  ""  ""  ""  ""  ""  ""  ""  ""  
ref247	"Other"	""  ""  ""  ""  ""  ""  ""  ""  ""  ""  ""  ""  ""  ""  ""  
ref248	"Other"	""  ""  ""  ""  ""  ""  ""  ""  ""  ""  ""  ""  ""  ""  ""  
ref249	"Other"	""  ""  ""  ""  ""  ""  ""  ""  ""  ""  ""  ""  ""  ""  ""  
ref250	"Other"	""  ""  ""  ""  ""  ""  ""  ""  ""  ""  ""  ""  ""  ""  ""  
ref251	"Other"	""  ""  ""  ""  ""  ""  ""  ""  ""  ""  ""  ""  ""  ""  ""  
ref252	"Periodical:journal:article"	"Alexei Nikolayevich Kuropatkin [trans. George Kennan]"  "The military and political memoirs of General Kuropatkin"  ""  ""  ""  "McClure's Magazine"  "31.5"  ""  ""  ""  ""  ""  ""  "483-99"  ""  
ref253	"Book:monograph"	"Thomas Carlyle"  "Sartor resartus"  ""  ""  ""  ""  ""  ""  "London"  ""  ""  ""  ""  ""  ""  
ref254	"Other:Letter"	"H. H. Henson, et al."  "Home reunion and the apostolic succession"  ""  ""  ""  "Times"  ""  ""  ""  ""  ""  ""  ""  "5"  ""  
ref255	"Other"	""  ""  ""  ""  ""  ""  ""  ""  ""  ""  ""  ""  ""  ""  ""  
ref256	"Other"	""  ""  ""  ""  ""  ""  ""  ""  ""  ""  ""  ""  ""  ""  ""  
ref257	"Book:monograph"	"Oliver Lodge"  "Man and the universe"  ""  ""  ""  ""  ""  ""  "London"  ""  ""  ""  ""  ""  ""  
ref258	"Other"	""  ""  ""  ""  ""  ""  ""  ""  ""  ""  ""  ""  ""  ""  ""  
ref259	"Book:monograph"	"Richard Baxter"  "A breviate of the life of Margaret, the daughter of Francis Charlton and wife of Richard Baxter"  ""  ""  ""  ""  ""  ""  "London"  ""  ""  ""  ""  ""  ""  
ref260	"Book:monograph"	"Thomas Cartwright"  "The diary of Dr. Thomas Cartwright, bishop of Chester"  ""  ""  "Joseph Hunter, ed."  ""  ""  ""  "London"  ""  ""  ""  ""  ""  ""  
ref261	"Book:monograph"	"Alfred Firmin Loisy"  "Quelques lettres sur des questions actuelles et sur des &eacute;v&eacute;nements r&eacute;cents"  ""  ""  ""  ""  ""  ""  "Ceffonds"  ""  ""  ""  ""  ""  ""  
ref262	"Other:Letter"	"H. H. Henson"  ""Order" and "office""  ""  ""  ""  "Times"  ""  ""  ""  ""  ""  ""  ""  "12"  ""  
ref263	"Other:Poem"	"John Milton"  "'On the morning of Christ's nativity' [1629]"  ""  "<i>Poems</i>"  ""  ""  ""  ""  "London"  ""  ""  ""  ""  ""  ""  
ref265	"Periodical:news:article"	""  ""  ""  ""  ""  "The Scotsman"  ""  ""  ""  ""  ""  ""  ""  "4"  ""  
ref264	"Other"	""  ""  ""  ""  ""  ""  ""  ""  ""  ""  ""  ""  ""  ""  ""  
ref266	"Periodical:news:article"	""  "Resignation of the archbishop of York"  ""  ""  ""  "Times"  ""  ""  ""  ""  ""  ""  ""  "13"  ""  
ref268	"Book:monograph"	"G. G. Greenwood"  "The Shakespeare problem restated"  ""  ""  ""  ""  ""  ""  "London"  ""  ""  ""  ""  ""  ""  
ref267	"Other"	""  ""  ""  ""  ""  ""  ""  ""  ""  ""  ""  ""  ""  ""  ""  
ref269	"Book:monograph"	"Richard Baxter"  "A holy commonwealth, or political aphorisms, opening the true principles of government"  ""  ""  ""  ""  ""  ""  "London"  ""  ""  ""  ""  ""  ""  
ref270	"Other:Book chapter"	"Alfred Firmin Loisy"  "La carri&egrave;re de J&eacute;sus d'apr&egrave;s les &eacute;vangiles synoptiques"  ""  "<i>Les &eacute;vangiles synoptiques</i>"  ""  ""  ""  ""  "Ceffonds"  ""  ""  ""  ""  "203-24"  ""  
ref271	"Periodical:news:article"	""  "The new anglicanism"  ""  ""  ""  "Daily News"  ""  ""  ""  ""  ""  ""  ""  "6"  ""  
ref272	"Periodical:news:article"	""  "The decline of the pulpit"  ""  ""  ""  "Daily News"  ""  ""  ""  ""  ""  ""  ""  "6-7"  ""  
ref273	"Book:monograph"	"W. P. Ker"  "Sturla the historian"  ""  ""  ""  ""  ""  ""  "Oxford"  ""  ""  ""  ""  ""  ""  
ref274	"Other:Letter:letter"	"H. H. Henson"  "The home reunion society's meeting"  ""  ""  ""  "Times"  ""  ""  ""  ""  ""  ""  ""  "12"  ""  
ref277	"Other:Poem"	"Robert Browning"  "Saul"  ""  "<i>Men and women</i>"  ""  ""  ""  "2 vols"  "London"  ""  ""  ""  ""  ""  ""  
ref275	"Periodical:news:article"	""  "Ecclesiastical intelligence"  ""  ""  ""  "Times"  ""  ""  ""  ""  ""  ""  ""  "9"  ""  
ref276	"Other"	""  ""  ""  ""  ""  ""  ""  ""  ""  ""  ""  ""  ""  ""  ""  
ref279	"Book:monograph"	"Lucy Hutchinson"  "Memoirs of the life of Colonel Hutchinson"  ""  ""  ""  ""  ""  ""  "London"  ""  ""  ""  ""  ""  ""  
ref278	"Other"	""  ""  ""  ""  ""  ""  ""  ""  ""  ""  ""  ""  ""  ""  ""  
ref282	"Periodical:news:article"	""  "Ecclesiastical intelligence"  ""  ""  ""  "Times"  ""  ""  ""  ""  ""  ""  ""  "8"  ""  
ref280	"Book:monograph"	"R. J. Campbell"  "The new theology"  ""  ""  ""  ""  ""  ""  "London"  ""  ""  ""  ""  ""  ""  
ref281	"Other"	""  ""  ""  ""  ""  ""  ""  ""  ""  ""  ""  ""  ""  ""  ""  
ref283	"Book:monograph"	"Alexander Taylor Innes"  "The law of creeds in Scotland"  ""  ""  ""  ""  ""  ""  "Edinburgh"  ""  ""  ""  ""  ""  ""  
ref284	"Periodical:news:article"	""  "Clerical subscription"  ""  ""  ""  "The Spectator"  ""  ""  ""  ""  ""  ""  ""  "675"  ""  
ref285	"Periodical:journal:article"	"H. H. Henson"  "Human life, perishing and immortal"  ""  ""  ""  "Christian World Pulpit"  ""  ""  ""  ""  ""  ""  ""  "24-6"  ""  
ref286	"Periodical:journal:article"	"H. H. Henson"  "Faith and theology"  ""  ""  ""  "Christian World Pulpit"  ""  ""  ""  ""  ""  ""  ""  "406-7"  ""  
ref287	"Other"	""  ""  ""  ""  ""  ""  ""  ""  ""  ""  ""  ""  ""  ""  ""  
ref288	"Other"	""  ""  ""  ""  ""  ""  ""  ""  ""  ""  ""  ""  ""  ""  ""  
ref289	"Other"	""  ""  ""  ""  ""  ""  ""  ""  ""  ""  ""  ""  ""  ""  ""  
ref290	"Other"	""  ""  ""  ""  ""  ""  ""  ""  ""  ""  ""  ""  ""  ""  ""  
ref291	"Other"	""  ""  ""  ""  ""  ""  ""  ""  ""  ""  ""  ""  ""  ""  ""  
ref292	"Book:monograph"	"Benjamin Kidd"  "Principles of western civilization"  ""  ""  ""  ""  ""  ""  "New York"  ""  ""  ""  ""  ""  ""  
ref293	"Other"	""  ""  ""  ""  ""  ""  ""  ""  ""  ""  ""  ""  ""  ""  ""  
ref295	"Other:Letter"	"H. H. Henson, et al."  "The education bill"  ""  ""  ""  "Times"  ""  ""  ""  ""  ""  ""  ""  "8"  ""  
ref294	"Other:Letter"	"Charles Gore"  "The education bill"  ""  ""  ""  "Times"  ""  ""  ""  ""  ""  ""  ""  "11"  ""  
ref296	"Other:Letter"	"H. H. Henson, et al."  "The education bill"  ""  ""  ""  "Times"  ""  ""  ""  ""  ""  ""  ""  "10"  ""  
ref297	"Book:monograph"	"Joseph Blanco White"  "The life of the Rev. Joseph Blanco White"  ""  ""  "John Hamilton Thom, ed."  ""  ""  "3 vols"  "London"  ""  ""  ""  ""  ""  ""  
ref299	"Other:Letter"	"H. H. Henson, et al."  "Canon Henson on toleration"  ""  ""  ""  "Times"  ""  ""  ""  ""  ""  ""  ""  "9"  ""  
ref298	"Other:Letter"	"W. Sanday"  "Canon Henson on toleration"  ""  ""  ""  "Times"  ""  ""  ""  ""  ""  ""  ""  "8"  ""  
ref300	"Other"	""  ""  ""  ""  ""  ""  ""  ""  ""  ""  ""  ""  ""  ""  ""  
ref301	"Other"	""  ""  ""  ""  ""  ""  ""  ""  ""  ""  ""  ""  ""  ""  ""  
ref302	"Other"	""  ""  ""  ""  ""  ""  ""  ""  ""  ""  ""  ""  ""  ""  ""  
ref304	"Other:Letter"	"H. Russell Wakefield"  "The high churchmen's declaration"  ""  ""  ""  "Times"  ""  ""  ""  ""  ""  ""  ""  "11"  ""  
ref303	"Other:Letter"	"H. H. Henson, et al."  "The high churchmen's declaration"  ""  ""  ""  "Times"  ""  ""  ""  ""  ""  ""  ""  "8"  ""  
ref305	"Other:Letter"	"J. G. Simpson"  "The high churchmen's declaration"  ""  ""  ""  "Times"  ""  ""  ""  ""  ""  ""  ""  "11"  ""  
ref306	"Other"	""  ""  ""  ""  ""  ""  ""  ""  ""  ""  ""  ""  ""  ""  ""  
ref307	"Book:monograph"	"Hastings Rashdall"  "The theory of good and evil"  ""  ""  ""  ""  ""  "2 vols"  "Oxford"  ""  ""  ""  ""  ""  ""  
ref309	"Book:monograph"	"Jeremy Taylor"  "The worthy communicant, or, a discourse of the nature, effects, and blessings consequent to the worthy receiving of the Lords Supper and of all the duties required in order to a worthy preparation"  ""  ""  ""  ""  ""  ""  "London"  ""  ""  ""  ""  ""  ""  
ref308	"Book:monograph"	"Willoughby C. Allen"  "A critical and exegetical commentary on the gospel according to S. Matthew"  ""  ""  ""  ""  ""  ""  "New York"  ""  ""  ""  ""  ""  ""  
ref310	"Book:monograph"	"Jeremy Taylor"  "The whole works of the Right Rev. Jeremy Taylor, D.D., Lord Bishop of Down, Connor, and Dromore"  ""  ""  "Reginald Heber, ed."  ""  ""  ""  "London"  ""  ""  ""  ""  ""  ""  
ref311	"Book:monograph"	"J. B. Lightfoot"  "Saint Paul's epistle to the Philippians"  ""  ""  ""  ""  ""  ""  "London"  ""  ""  ""  ""  ""  ""  
ref312	"Other:Book chapter"	""  "Sermon IX: upon forgiveness of injuries"  ""  "<i>Sermons by Joseph Butler, D. C. L., sometime lord bishop of Durham</i>"  ""  ""  ""  "2 vols"  "Oxford"  ""  ""  ""  ""  "150-67"  ""  
ref313	"Book:monograph"	"[J. R. Seeley]"  "Ecce homo"  ""  ""  ""  ""  ""  ""  "London"  ""  ""  ""  ""  ""  ""  
ref314	"Book:monograph"	"Richard Chenevix Trench"  "Notes on the parables of our Lord"  ""  ""  ""  ""  ""  ""  "London"  ""  ""  ""  ""  ""  ""  
ref315	"Book:monograph"	"H. H. Henson"  "Reunion and intercommunion"  ""  ""  ""  ""  ""  ""  "London"  ""  ""  ""  ""  ""  ""  
ref316	"Book:monograph"	"Patrick Carnegie Simpson"  "The life of Principal Rainy"  ""  ""  ""  ""  ""  ""  "London"  ""  ""  ""  ""  ""  ""  
ref318	"Book:monograph"	"Gore, Charles"  "Orders and unity"  ""  ""  ""  ""  ""  ""  "New York"  ""  ""  ""  ""  ""  ""  
ref317	"Other"	""  ""  ""  ""  ""  ""  ""  ""  ""  ""  ""  ""  ""  ""  ""  
ref319	"Book:monograph"	"Charles Augustus Briggs"  "Church unity"  ""  ""  ""  ""  ""  ""  "New York"  ""  ""  ""  ""  ""  ""  
ref321	"Periodical:journal:article"	"Henson, H. H."  "Jesus or Christ"  ""  ""  ""  "Christian World Pulpit"  "76"  ""  ""  ""  ""  ""  ""  "345-8"  ""  
ref320	"Other:Book chapter"	"R. J. Campbell"  "Jesus or Christ?"  ""  "<i>Jesus or Christ?: the Hibbert Journal supplement 1909</i>"  ""  ""  ""  ""  "London"  ""  ""  ""  ""  ""  ""  
ref323	"Periodical:journal:article"	"H. H. Henson"  "The church and the British empire, preached on Sunday June 25 at a United Service in St JudeÃ•s-on-the-Hill, Hampstead Garden City"  ""  ""  ""  "Christian World Pulpit"  ""  ""  ""  ""  ""  ""  ""  "1-3"  ""  
ref322	"Book:monograph"	"P. T. Forsyth"  "The person and place of Jesus Christ"  ""  ""  ""  ""  ""  ""  "London"  ""  ""  ""  ""  ""  ""  
ref324	"Periodical:journal:article"	"H. H. Henson"  "The strength of religion"  ""  ""  ""  "Christian World Pulpit"  ""  ""  ""  ""  ""  ""  ""  "104-6"  ""  
ref326	"Periodical:journal:article"	"H. H. Henson"  "Patriotic duty"  ""  ""  ""  "Christian Family Newspaper"  ""  ""  ""  ""  ""  ""  ""  "808"  ""  
ref325	"Periodical:journal:article"	"H. H. Henson"  "Christianity and patriotism"  ""  ""  ""  "Christian World Pulpit"  ""  ""  ""  ""  ""  ""  ""  "280-2"  ""  
ref327	"Periodical:news:article"	"H. H. Henson"  "The Evidences of the Resurrection"  ""  "<i>The value of the Bible an other sermons, 1902-1904</i>"  ""  ""  ""  ""  "London"  ""  ""  ""  ""  "201-13"  "event.19"  
ref328	"Other:Book chapter"	"H. H. Henson"  "Sincerity and subscription"  ""  "<i>Sincerity and subscription: a plea for toleration in the Church of England</i>"  ""  ""  ""  ""  "London"  ""  ""  ""  ""  "19-46"  "event..161"  
